{
  "title": null,
  "version": 1,
  "width": 61,
  "height": 25,
  "env": {
    "SHELL": "/bin/bash",
    "TERM": "xterm-256color"
  },
  "duration": 44.072465,
  "command": null,
  "stdout": [
    [
      0.087532,
      "\u001b]0;risca@portatilej: ~/Annex/document/tmp/Talk_FOSDEM/SALT\u0007risca@portatilej:~/Annex/document/tmp/Talk_FOSDEM/SALT$ "
    ],
    [
      1.151685,
      "\r\n"
    ],
    [
      0.000859,
      "\u001b]0;risca@portatilej: ~/Annex/document/tmp/Talk_FOSDEM/SALT\u0007risca@portatilej:~/Annex/document/tmp/Talk_FOSDEM/SALT$ "
    ],
    [
      0.693275,
      "v"
    ],
    [
      0.293729,
      "i"
    ],
    [
      0.112109,
      "m"
    ],
    [
      0.320139,
      " "
    ],
    [
      0.450886,
      "s \r"
    ],
    [
      0.09293,
      "a"
    ],
    [
      0.365737,
      "lt"
    ],
    [
      1.099377,
      "/"
    ],
    [
      0.521162,
      "t"
    ],
    [
      0.262018,
      "o"
    ],
    [
      0.329963,
      "\u0007"
    ],
    [
      0.486279,
      "p"
    ],
    [
      0.582397,
      "."
    ],
    [
      0.266898,
      "s"
    ],
    [
      0.084909,
      "l"
    ],
    [
      0.132958,
      "s"
    ],
    [
      0.588059,
      "\r\n"
    ],
    [
      0.163103,
      "\u001b[?1049h\u001b[?1h\u001b=\u001b[2;1H▽\u001b[6n\u001b[2;1H  \u001b[1;1H"
    ],
    [
      0.000789,
      "\u001b[1;25r\u001b[?12;25h\u001b[?12l\u001b[?25h\u001b[27m\u001b[23m\u001b[m\u001b[94m\u001b[100m\u001b[H\u001b[2J\u001b[?25l\u001b[25;1H\"salt/top.sls\" [New File]"
    ],
    [
      0.079002,
      "\u001b[>c"
    ],
    [
      0.005085,
      "\u001b[1;1H\u001b[38;5;17m\u001b[48;5;190m s/top.sls \u001b[m\u001b[94m\u001b[100m\u001b[38;5;190m\u001b[48;5;234m \u001b[m\u001b[94m\u001b[100m\u001b[38;5;85m\u001b[48;5;234m                                      \u001b[m\u001b[94m\u001b[100m\u001b[38;5;234m\u001b[48;5;234m<\u001b[m\u001b[94m\u001b[100m\u001b[38;5;214m\u001b[48;5;234m<\u001b[m\u001b[94m\u001b[100m\u001b[38;5;232m\u001b[48;5;214m buffers \u001b[m\u001b[94m\u001b[100m\u001b[3;1H\u001b[1m\u001b[93m~                                                            \u001b[4;1H~                                                            \u001b[5;1H~                                                            \u001b[6;1H~                                                            \u001b[7;1H~                                                            \u001b[8;1H~                                                            \u001b[9;1H~                                                            \u001b[10;1H~                                                            \u001b[11;1H~                                                            \u001b[12;1H~                                                            \u001b[13;1H~                                                     "
    ],
    [
      3.2e-05,
      "       \u001b[14;1H~                                                            \u001b[15;1H~                                                            \u001b[16;1H~                                                            \u001b[17;1H~                                                            \u001b[18;1H~                                                            \u001b[19;1H~                                                            \u001b[20;1H~                                                            \u001b[21;1H~                                                            \u001b[22;1H~                                                            \u001b[23;1H~                                                            "
    ],
    [
      0.032923,
      "\u001b[m\u001b[94m\u001b[100m\u001b[24;1H\u001b[38;5;17m\u001b[48;5;190m \u001b[m\u001b[94m\u001b[100m\u001b[1m\u001b[38;5;17m\u001b[48;5;190mNORMAL\u001b[m\u001b[94m\u001b[100m\u001b[38;5;17m\u001b[48;5;190m \u001b[m\u001b[94m\u001b[100m\u001b[38;5;190m\u001b[48;5;238m>\u001b[m\u001b[94m\u001b[100m\u001b[38;5;238m\u001b[48;5;234m>\u001b[m\u001b[94m\u001b[100m\u001b[38;5;85m\u001b[48;5;234m salt/top.sls              \u001b[m\u001b[94m\u001b[100m\u001b[38;5;234m\u001b[48;5;234m<\u001b[m\u001b[94m\u001b[100m\u001b[38;5;85m\u001b[48;5;234m sls \u001b[m\u001b[94m\u001b[100m\u001b[38;5;238m\u001b[48;5;234m<\u001b[m\u001b[94m\u001b[100m\u001b[38;5;190m\u001b[48;5;238m<\u001b[m\u001b[94m\u001b[100m\u001b[38;5;17m\u001b[48;5;190m 100% \u001b[m\u001b[94m\u001b[100m\u001b[1m\u001b[38;5;17m\u001b[48;5;190m:   0\u001b[m\u001b[94m\u001b[100m\u001b[38;5;17m\u001b[48;5;190m:  1 \u001b]2;top.sls (~/Annex/docume...k_FOSDEM/SALT/salt) - VIM\u0007"
    ],
    [
      0.000389,
      "\u001b[2;1H\u001b[?12l\u001b[?25h"
    ],
    [
      0.767346,
      "\u001b[?25l\u001b[m\u001b[94m\u001b[100m\u001b[25;1H\u001b[34m-- INSERT --\u001b[m\u001b[94m\u001b[100m\u001b[25;13H\u001b[K"
    ],
    [
      0.020872,
      "\u001b[24;1H\u001b[38;5;17m\u001b[48;5;45m \u001b[m\u001b[94m\u001b[100m\u001b[1m\u001b[38;5;17m\u001b[48;5;45mINSERT\u001b[m\u001b[94m\u001b[100m\u001b[38;5;17m\u001b[48;5;190m \u001b[m\u001b[94m\u001b[100m\b\u001b[38;5;17m\u001b[48;5;45m \u001b[m\u001b[94m\u001b[100m\u001b[38;5;45m\u001b[48;5;27m>\u001b[m\u001b[94m\u001b[100m\u001b[38;5;27m\u001b[48;5;17m>\u001b[m\u001b[94m\u001b[100m\u001b[97m\u001b[48;5;17m salt/top.sls              \u001b[m\u001b[94m\u001b[100m\u001b[38;5;17m\u001b[48;5;17m<\u001b[m\u001b[94m\u001b[100m\u001b[97m\u001b[48;5;17m sls \u001b[m\u001b[94m\u001b[100m\u001b[38;5;27m\u001b[48;5;17m<\u001b[m\u001b[94m\u001b[100m\u001b[38;5;45m\u001b[48;5;27m<\u001b[m\u001b[94m\u001b[100m\u001b[38;5;17m\u001b[48;5;45m 100% \u001b[m\u001b[94m\u001b[100m\u001b[1m\u001b[38;5;17m\u001b[48;5;45m:\u001b[m\u001b[94m\u001b[100m\u001b[1m\u001b[38;5;17m\u001b[48;5;190m \u001b[m\u001b[94m\u001b[100m\b\u001b[1m\u001b[38;5;17m\u001b[48;5;45m   0\u001b[m\u001b[94m\u001b[100m\u001b[38;5;17m\u001b[48;5;190m:\u001b[m\u001b[94m\u001b[100m\b\u001b[38;5;17m\u001b[48;5;45m:  1 \u001b[2;1H\u001b[?12l\u001b[?25h"
    ],
    [
      1.613952,
      "\u001b[1;1H s/top.sls+ \u001b[m\u001b[94m\u001b[100m\u001b[38;5;45m\u001b[48;5;234m \u001b[?25l\u001b[m\u001b[94m\u001b[100m\r\nb\u001b[24;10H\u001b[38;5;27m\u001b[48;5;53m>\u001b[m\u001b[94m\u001b[100m\u001b[38;5;255m\u001b[48;5;53m salt/top.sls[+]           \u001b[m\u001b[94m\u001b[100m\u001b[38;5;17m\u001b[48;5;53m<\u001b[m\u001b[94m\u001b[100m\u001b[17C\u001b[1m\u001b[38;5;17m\u001b[48;5;45m1\u001b[m\u001b[94m\u001b[100m\u001b[38;5;17m\u001b[48;5;45m:  2\u001b]2;top.sls + (~/Annex/docu...k_FOSDEM/SALT/salt) - VIM\u0007\u001b[2;2H\u001b[?12l\u001b[?25h"
    ],
    [
      0.157677,
      "\u001b[?25l\u001b[m\u001b[94m\u001b[100ma\u001b[24;60H\u001b[38;5;17m\u001b[48;5;45m3\u001b[2;3H\u001b[?12l\u001b[?25h"
    ],
    [
      0.044946,
      "\u001b[?25l\u001b[m\u001b[94m\u001b[100ms\u001b[24;60H\u001b[38;5;17m\u001b[48;5;45m4\u001b[2;4H\u001b[?12l\u001b[?25h"
    ],
    [
      0.277889,
      "\u001b[?25l\u001b[m\u001b[94m\u001b[100me\u001b[24;60H\u001b[38;5;17m\u001b[48;5;45m5\u001b[2;5H\u001b[?12l\u001b[?25h"
    ],
    [
      0.800025,
      "\u001b[?25l\u001b[m\u001b[94m\u001b[100m\r\u001b[34mbase\u001b[m\u001b[94m\u001b[100m\u001b[31m:\u001b[m\u001b[94m\u001b[100m\u001b[24;60H\u001b[38;5;17m\u001b[48;5;45m6\u001b[2;6H\u001b[?12l\u001b[?25h"
    ],
    [
      0.450258,
      "\u001b[?25l\u001b[m\u001b[94m\u001b[100m\r\n  \u001b[3;3H\u001b[K\u001b[24;56H\u001b[1m\u001b[38;5;17m\u001b[48;5;45m2\u001b[m\u001b[94m\u001b[100m\u001b[38;5;17m\u001b[48;5;45m:  3\u001b[3;3H\u001b[?12l\u001b[?25h"
    ],
    [
      1.0886,
      "\u001b[?25l\u001b[m\u001b[94m\u001b[100m\u001b[36m'\u001b[m\u001b[94m\u001b[100m\u001b[24;60H\u001b[38;5;17m\u001b[48;5;45m4\u001b[3;4H\u001b[?12l\u001b[?25h"
    ],
    [
      0.781013,
      "\u001b[?25l\u001b[m\u001b[94m\u001b[100m\u001b[36m*\u001b[m\u001b[94m\u001b[100m\u001b[24;60H\u001b[38;5;17m\u001b[48;5;45m5\u001b[3;5H\u001b[?12l\u001b[?25h"
    ],
    [
      1.303666,
